r,reward_mode,cost_setting,n,episode_violation_rate_mean,episode_violation_rate_sd,episode_violation_rate_ci_low,episode_violation_rate_ci_high,intervention_freq_mean,intervention_freq_sd,intervention_freq_ci_low,intervention_freq_ci_high,intervention_mag_mean,intervention_mag_sd,intervention_mag_ci_low,intervention_mag_ci_high,control_effort_mean,control_effort_sd,control_effort_ci_low,control_effort_ci_high,elapsed_s_mean,elapsed_s_sd,elapsed_s_ci_low,elapsed_s_ci_high
1,actuator_saturation,blended alpha=0.25,20.0,0.0,0.0,0.0,0.0,0.9941000000000001,0.0064573273127038755,0.9912666666666669,0.9966333333333333,0.9175713252154012,0.003296332892786285,0.9160332544256958,0.9189617968367906,120.10399608904375,1.5871555710826404,119.47577643160834,120.78083989006399,6.543858742713928,0.3385849809752807,6.42055483430624,6.702405407428741
1,actuator_saturation,blended alpha=0.5,20.0,0.0,0.0,0.0,0.0,0.9941666666666669,0.006623986185255502,0.9911658333333334,0.9968333333333333,0.9178624131531082,0.0034737844810249574,0.9162937316677291,0.9191533557018755,153.656691089997,150.70958419034352,119.31272208763419,221.48276566389123,6.9481557488441466,2.249447197398098,6.360840757489204,7.9928694206476205
1,actuator_saturation,blended alpha=0.75,20.0,0.0,0.0,0.0,0.0,0.9938,0.007511706263835927,0.9905658333333334,0.9968341666666667,0.9177782153782245,0.004239196708928101,0.9158776072929176,0.9194424901888026,119.66676176343192,1.6946508550918042,118.96430648679738,120.37631129114249,6.569061052799225,0.3510894451370896,6.440364551544189,6.736318138241767
1,actuator_saturation,regularized rw=0.25,20.0,0.0,0.0,0.0,0.0,0.9946333333333331,0.006385198527369204,0.9918666666666667,0.9971666666666665,0.9175133310104664,0.004444896188353582,0.9155200380024754,0.9192550484124344,153.49767281380858,150.24349022800862,119.22204782173863,221.19864093621146,6.676288831233978,2.159842770310107,6.125549195408821,7.668559304177761
1,actuator_saturation,regularized rw=1,20.0,0.0,0.0,0.0,0.0,0.9954666666666668,0.005521250811755978,0.9928666666666667,0.9976666666666667,0.9183486712116722,0.0036409156990193023,0.9166874449434446,0.9197148629850282,153.38169741543197,152.85088128538527,118.60926426899184,222.09477114248992,6.659791338443756,1.9527450035892522,6.1573974847793576,7.592923392653465
1,actuator_saturation,regularized rw=4,20.0,0.0,0.0,0.0,0.0,0.9947000000000001,0.006689347383792588,0.9917,0.9973333333333333,0.9173445099343092,0.004323745097522529,0.9153081052571029,0.9189804135311253,154.3096991484036,152.46617798466815,119.72365634068389,223.01516212759824,6.599997448921203,2.0041330974546487,6.076286998391152,7.562381420433521
1,chattering,blended alpha=0.25,20.0,0.0,0.0,0.0,0.0,0.9337333333333333,0.22299549204789818,0.8286191666666667,0.9935008333333334,0.8446573003037994,0.22971290771279845,0.7335082403463397,0.9172579741893621,116.65808123947531,15.37356935130822,109.41821859454146,120.66778775029843,6.4254346013069155,0.17645784927673283,6.352443907856941,6.503362701535225
1,chattering,blended alpha=0.5,20.0,0.0,0.0,0.0,0.0,0.9340333333333334,0.22259936739032546,0.8262916666666668,0.9940341666666667,0.8450408400774094,0.22993711274819464,0.7277467795383012,0.9176355436357037,116.2161308341783,15.002631321385035,109.01850863151381,120.12080599940042,6.420813679695129,0.19185507088380732,6.33775299102068,6.499580988883973
1,chattering,blended alpha=0.75,20.0,0.0,0.0,0.0,0.0,0.9336666666666668,0.22340046123916427,0.8222591666666665,0.9935674999999999,0.8445887365987803,0.2296462229776568,0.7271159960544149,0.9176272001370119,116.38129593953299,14.703687576469143,109.47022886069531,120.20752822582837,6.367386162281036,0.11416709921054899,6.316618422865868,6.414867691099643
1,chattering,regularized rw=0.25,20.0,0.0,0.0,0.0,0.0,0.9369000000000002,0.21301459467336892,0.8308583333333333,0.9950333333333333,0.845406207163359,0.22983669632469267,0.7283924840295862,0.9177411973230092,116.28420806142829,14.292977729351614,109.49896725233292,120.15098957495604,5.986606121063232,0.15370936313381395,5.922675849795342,6.052325248718262
1,chattering,regularized rw=1,20.0,0.0,0.0,0.0,0.0,0.9358666666666668,0.21101754035904524,0.8335291666666665,0.9943008333333333,0.8437370786457865,0.22935121363648858,0.7314452069453942,0.9171592574573039,116.42448244810332,14.227564369049247,109.57832433480827,120.25342714374091,6.027395415306091,0.16259938530087556,5.954803308844567,6.093956606090069
1,chattering,regularized rw=4,20.0,0.0,0.0,0.0,0.0,0.9367000000000001,0.21097661797775916,0.8360925,0.9944666666666666,0.8449014652511746,0.22937231708308886,0.7305665939046608,0.9177311378781022,115.88563145743849,14.19018760305752,109.30677862416148,119.64838216020316,6.003077411651612,0.15160625019599017,5.939377719461918,6.069304051399231
1,constraint_seeking,blended alpha=0.25,20.0,0.0,0.0,0.0,0.0,0.9832333333333333,0.029668953193965744,0.9679641666666666,0.9926666666666666,0.9014997286052473,0.05790125762584933,0.8746428577544524,0.9167584890998092,120.27608017278374,1.9379915369323217,119.4326162709888,121.14263017065045,6.3792231798172,0.16116265967801774,6.314711965918542,6.450950119495392
1,constraint_seeking,blended alpha=0.5,20.0,0.0,0.0,0.0,0.0,0.9841666666666666,0.02842606085395081,0.9700991666666665,0.9931683333333333,0.9026479005862852,0.05662915118874965,0.8757763321100882,0.9170114863798523,120.1426997733342,1.584414354584034,119.4835858628549,120.83276643022108,6.355430924892426,0.1644149257674184,6.289181351363659,6.43080921113491
1,constraint_seeking,blended alpha=0.75,20.0,0.0,0.0,0.0,0.0,0.9837666666666667,0.029476742740219768,0.9692241666666664,0.9933341666666667,0.9021089008119851,0.057136286098625776,0.8752124355681109,0.9172984609565219,119.8831509922081,1.4612394089453653,119.28578319390816,120.52645853102028,6.354454040527344,0.10723123192888145,6.306415367722511,6.399052573740482
1,constraint_seeking,regularized rw=0.25,20.0,0.0,0.0,0.0,0.0,0.9876333333333335,0.023240894588774978,0.9762649999999997,0.9948333333333332,0.9036443440493583,0.056602391786481424,0.8771856675891453,0.9179077722767628,119.5115373317692,1.772605298156313,118.69549651112956,120.2426339380934,6.033125376701355,0.14398575504898514,5.973983266055583,6.0963860282301905
1,constraint_seeking,regularized rw=1,20.0,0.0,0.0,0.0,0.0,0.9875,0.023061448552871188,0.9764983333333334,0.9947008333333335,0.9034685264779106,0.056790620998832295,0.8771202005915044,0.9177066620964539,119.60223816464872,1.954389948981861,118.80997946791379,120.42354135173616,6.0234777450561525,0.13797206366634537,5.963972119092942,6.085416374802589
1,constraint_seeking,regularized rw=4,20.0,0.0,0.0,0.0,0.0,0.9869666666666668,0.02465146520680069,0.9749658333333333,0.9944,0.903108836106527,0.05728839774084572,0.876365780765995,0.9176349199904926,119.8100564347852,2.051563838501724,118.94971843691957,120.69138014117509,6.009713268280029,0.1400105690156738,5.947254845499993,6.071937940716744
1,horizon_exhaustion,blended alpha=0.25,120.0,0.0,0.0,0.0,0.0,0.9800388888888888,0.0728146821279581,0.9657602777777776,0.9909729166666666,0.8883963850296759,0.13328764822460937,0.8637865453524963,0.9102078083239304,119.48578133841976,1.7094653561322866,119.18357023964394,119.80247732006484,6.365059959888458,0.627791156125548,6.254685966173808,6.479259615639846
1,horizon_exhaustion,blended alpha=0.5,120.0,0.0,0.0,0.0,0.0,0.9783166666666666,0.08327829947470525,0.9623165277777779,0.99123375,0.8865941873129816,0.14004967855195857,0.8589101196864132,0.9081781055900255,119.81217988174693,1.7263506015617809,119.48810317909413,120.11762844116265,6.358065297206243,0.6299927934523512,6.2494261918962,6.472099374880393
1,horizon_exhaustion,blended alpha=0.75,120.0,0.0,0.0,0.0,0.0,0.9781777777777777,0.0820719883195778,0.9618547222222222,0.9902177777777778,0.8862949252211282,0.1393896597184695,0.859323968441665,0.908600574193182,119.96300297434227,1.7518112376328758,119.64187408692234,120.27965786431946,6.324585398038228,0.6273629064632079,6.218653935790062,6.438300468474627
1,horizon_exhaustion,regularized rw=0.25,120.0,0.0,0.0,0.0,0.0,0.9810777777777777,0.07182950990797356,0.9666863888888889,0.9919222222222221,0.8873180834814209,0.13742758512837963,0.86143449310619,0.9091728828668725,119.64915765420807,1.7583485318838155,119.3237892483292,119.97368236036597,6.092200297117233,0.6275771721449048,5.98550916214784,6.21156381269296
1,horizon_exhaustion,regularized rw=1,120.0,0.0,0.0,0.0,0.0,0.9808888888888888,0.0716753409294612,0.9664877777777778,0.9916680555555556,0.8872428985313835,0.137137293565899,0.8614002422252257,0.9089324229810058,119.77786262266832,1.7534200220317329,119.48407663615234,120.08116596299439,6.061359592278799,0.5909082048654725,5.948709114839633,6.163887123316527
1,horizon_exhaustion,regularized rw=4,120.0,0.0,0.0,0.0,0.0,0.9818333333333332,0.06819263372328163,0.968737361111111,0.99213375,0.8882912878958024,0.13438890237433473,0.8613158577515461,0.9090438908939092,119.36555023981283,1.9077920252677028,119.02556090996431,119.7097415015869,6.066482396920522,0.5843012730696004,5.956479552388191,6.169585000822941
1,intervention_maximizing,blended alpha=0.25,20.0,0.0,0.0,0.0,0.0,0.9372666666666667,0.22309454634344414,0.8293008333333333,0.9953666666666667,0.8652951770723976,0.20594619575891857,0.7671209152999878,0.9186316449533964,114.15785876515808,23.36452231695742,103.42897953578976,119.75714337968033,6.335738718509674,0.12178468667573364,6.285213121175766,6.39227360457182
1,intervention_maximizing,blended alpha=0.5,20.0,0.0,0.0,0.0,0.0,0.9351333333333335,0.22340910995157903,0.8278641666666667,0.9944333333333335,0.8619119183825413,0.20721996311041893,0.7615199726618438,0.9179806071411062,114.26950177599397,24.387451046689648,98.42735215411598,120.20047580477355,6.298476076126098,0.12901324288757424,6.2482668337225915,6.3542566740512845
1,intervention_maximizing,blended alpha=0.75,20.0,0.0,0.0,0.0,0.0,0.9346666666666668,0.22361045911786098,0.8276599999999998,0.9948025,0.8624215446599738,0.20704823085641993,0.7600567834484122,0.9187577404421627,113.94415261628123,23.57839438330834,103.03977285784177,119.74602967446074,6.309846901893616,0.1355144692777597,6.250728915631771,6.362287601232528
1,intervention_maximizing,regularized rw=0.25,20.0,0.0,0.0,0.0,0.0,0.9390333333333333,0.22304584533859179,0.8332324999999997,0.9963333333333333,0.865412173870868,0.20639119829692668,0.7664867402646856,0.9194345162825291,113.40193047846185,24.098763950984868,102.256592224702,119.27690069414695,5.941739332675934,0.12457854739080261,5.885841764211655,5.994327265918255
1,intervention_maximizing,regularized rw=1,20.0,0.0,0.0,0.0,0.0,0.9392999999999999,0.223275087979561,0.8332566666666666,0.9968333333333333,0.8649766482547934,0.20648649078476103,0.7654216577276498,0.9189360148479079,114.07442908119226,23.445565268722362,103.31279533527798,119.85403387047441,5.966761338710785,0.11041236262613525,5.923135894834996,6.015042372047901
1,intervention_maximizing,regularized rw=4,20.0,0.0,0.0,0.0,0.0,0.9347,0.22461366181963063,0.8259291666666667,0.9958008333333334,0.8608466538687649,0.2082137839473835,0.7663307595403055,0.9183711826877835,114.10180074420025,22.834631740456576,103.57171705745648,119.64601831912054,5.968892908096313,0.12875065537607663,5.913779909908771,6.023504778444766
2,actuator_saturation,blended alpha=0.25,20.0,0.3,0.4701623459816272,0.1,0.5,0.7916076285240464,0.1972871411277166,0.6956606592039801,0.8619457462686566,0.5955891390576384,0.17774268924871675,0.510996458340272,0.6651819054855994,99.28581561726438,59.89028946766496,78.12670344029596,127.47813892505825,5.525116956233978,1.8514202098951598,4.7324282664060595,6.303001223206519
2,actuator_saturation,blended alpha=0.5,20.0,0.3,0.4701623459816272,0.1,0.5,0.7895905665271988,0.18906106622748683,0.7027320960247806,0.8592290366764527,0.5971614704424492,0.1810661412671042,0.5145727494726628,0.6661994350296252,98.64015461803919,58.4346956819616,77.60196672564238,125.50953494719442,5.5292944550514225,1.8719920182387884,4.714025705754756,6.3161978250741955
2,actuator_saturation,blended alpha=0.75,20.0,0.3,0.4701623459816272,0.1,0.5,0.7812215059137098,0.19105090686471593,0.6925430859570215,0.8528569569381975,0.5902318668316562,0.18009409527705583,0.5062171951055955,0.6602053900463523,98.93228183251618,59.39697960974607,78.16182313240719,127.07723263789832,5.498349344730377,1.7974912045214342,4.702959044277668,6.251199914813042
2,actuator_saturation,regularized rw=0.25,20.0,0.3,0.4701623459816272,0.1,0.5,0.7826667764079034,0.19233316503273964,0.6901932238442822,0.8532847748795825,0.5678750709401531,0.18722566210544392,0.4833649593244171,0.6428812677530285,97.8861866036937,58.295455029352524,77.21652005271592,127.13257698480764,5.350852644443512,1.7061751398240368,4.608674318492413,6.043884764313697
2,actuator_saturation,regularized rw=1,20.0,0.3,0.4701623459816272,0.1,0.5,0.7906069693340263,0.18243794621137735,0.7015539318885448,0.8563535883558188,0.5774108860396667,0.18731094167542514,0.49026592433017835,0.6535875706062948,98.27008649802109,62.55041434837663,75.95104593558682,127.05287806010794,5.333836507797241,1.7321319161743476,4.580781963765621,6.084516220390796
2,actuator_saturation,regularized rw=4,20.0,0.3,0.4701623459816272,0.1,0.5,0.7980991681521094,0.18725898357638404,0.7100542780748663,0.8654106818181817,0.5765054465622695,0.1826495468817335,0.4945462944022998,0.6494552942369594,97.85433796709272,59.053947415810725,77.0049587050822,126.47646124125865,5.291765308380127,1.7390865137444032,4.53249939084053,6.010386535823345
2,chattering,blended alpha=0.25,20.0,0.35,0.48936048492959283,0.15,0.55,0.8063264906028449,0.1053846914255661,0.7621556414735865,0.850674059493751,0.627437410202141,0.199630016155464,0.5380947278752397,0.7047011352101487,111.60296501850492,94.21443036674299,83.01689277104532,155.85122937154756,5.441175484657288,1.8585887976332731,4.637299961149693,6.180514512658119
2,chattering,blended alpha=0.5,20.0,0.35,0.48936048492959283,0.15,0.55,0.8120397376885016,0.09254458143679258,0.7730479216482161,0.8497065814329819,0.6389727654344836,0.197678016228331,0.5462941462678734,0.7113251363796561,112.35387569342598,93.75637278136894,83.79759030154894,158.72935447973097,5.438980209827423,1.8669344277342796,4.650632492005825,6.2127385601401315
2,chattering,blended alpha=0.75,20.0,0.35,0.48936048492959283,0.15,0.55,0.8052647166531688,0.09256536455862738,0.7669382698520798,0.8437892110769083,0.6343260430184259,0.19855093434971588,0.5431532361917549,0.7144474899458516,112.9391245784667,95.79076599224106,83.80374378346438,160.85304084165531,5.428761339187622,1.8717380483004507,4.612621324956417,6.176055146157741
2,chattering,regularized rw=0.25,20.0,0.4,0.5026246899500346,0.2,0.6,0.7915865777764596,0.1753728283509372,0.7034814543993712,0.8568898592214856,0.5896036396842733,0.21138489323398635,0.49064884575455026,0.6752116185319347,111.30498833956673,96.1578569413005,82.26466904664814,156.61771720742274,5.016135728359222,1.7826157886065512,4.24547188013792,5.7585057279467575
2,chattering,regularized rw=1,20.0,0.4,0.5026246899500346,0.2,0.6,0.7877400229961778,0.17307886675257733,0.711088183395811,0.8538369877805195,0.5882108789798204,0.20803967895475214,0.48995630224530295,0.6738944161977581,108.21672651960853,84.40285811264862,81.75363525379232,148.9769769116318,5.047836601734161,1.8014234724083227,4.253809173107147,5.766890273094177
2,chattering,regularized rw=4,20.0,0.4,0.5026246899500346,0.2,0.6,0.795610789826318,0.16300995091410045,0.7173419445361988,0.8584358487690597,0.5940830117519342,0.20271169046429682,0.5006116073136289,0.6732181567392821,109.41445909826862,85.14227775719462,82.70053712415272,150.6235555548218,5.064101254940033,1.7866507455662137,4.298909491300583,5.799683341681957
2,constraint_seeking,blended alpha=0.25,20.0,0.4,0.5026246899500346,0.2,0.6,0.8531202121419639,0.10313912489662587,0.8121213564926237,0.8972728248154213,0.6409766853519699,0.10570475221316107,0.595784802335465,0.6874508791397169,92.77676856668657,31.79646151372242,80.50065800398745,105.8028284961624,5.272602128982544,2.0065947150202104,4.464589824080467,6.069798194468021
2,constraint_seeking,blended alpha=0.5,20.0,0.4,0.5026246899500346,0.2,0.6,0.8530769617679634,0.10551373084187338,0.8083861880917226,0.8991415423169805,0.6384460143541651,0.104404248055396,0.5961433644314951,0.6837300234460929,92.70938618255698,31.43807826734935,79.58984499588091,106.51528281927159,5.229221308231354,2.0132835840468597,4.397080199122429,6.1069227126240735
2,constraint_seeking,blended alpha=0.75,20.0,0.4,0.5026246899500346,0.2,0.6,0.8434779901949812,0.10699145259576552,0.8002424721109147,0.8899095976509741,0.627528659921383,0.10804746756263114,0.5821193063810007,0.6742909222913249,93.08036581563772,31.50436572999917,79.99455621788996,106.04261984873169,5.229524791240692,2.0088285420730836,4.3691356626152995,6.023353909552097
2,constraint_seeking,regularized rw=0.25,20.0,0.45,0.5104177855340405,0.25,0.65,0.8422347363529136,0.14434279362995137,0.7774959213291582,0.8982446084851861,0.5944941143979918,0.1515114484575039,0.5294059678077775,0.659582727167909,92.39796438600362,32.93725264860037,79.04968528974672,106.99817409227371,4.923075473308563,1.873382673072601,4.12654069274664,5.690810570418834
2,constraint_seeking,regularized rw=1,20.0,0.45,0.5104177855340405,0.25,0.65,0.8349378901476368,0.16470353173385058,0.7540818731765588,0.8982065328467155,0.5886705987766472,0.1471027378021387,0.5270791195024952,0.6475706922366228,92.66318897762889,33.60385594983875,78.83059677697575,106.66374114677441,4.961727893352508,1.9296468026986247,4.166291588842869,5.724769119918346
2,constraint_seeking,regularized rw=4,20.0,0.45,0.5104177855340405,0.25,0.6512499999999932,0.8285968991084433,0.1639145254733216,0.751629127318209,0.8893003405028254,0.5966981824091373,0.14935891178105531,0.5326755192201728,0.6570827093152988,92.93019653913981,33.07938727467497,78.61669274916822,106.31387717288978,4.944437861442566,1.909007962720257,4.124104699194431,5.764506416022778
2,horizon_exhaustion,blended alpha=0.25,120.0,0.4166666666666667,0.49507377148833714,0.3333333333333333,0.5,0.7551940011249038,0.22180017655917195,0.71405643590947,0.793707715306433,0.5592485088772461,0.2374360816630346,0.5173807816766106,0.6012866069020104,91.23070978444039,38.59657708322534,84.42492515301973,98.28875859611672,5.2179831743240355,2.0355599670116935,4.844721497595311,5.575532763451338
2,horizon_exhaustion,blended alpha=0.5,120.0,0.4166666666666667,0.49507377148833714,0.325,0.5,0.7552913935763624,0.2251718349677127,0.7137689305602605,0.7936050001372076,0.559186448056744,0.24004906512064397,0.5169502495322039,0.6024200170823414,91.23167270596875,38.62249908280954,84.50768156007186,98.20867738806353,5.2074758013089495,2.035905433877767,4.831680046419303,5.580420691221953
2,horizon_exhaustion,blended alpha=0.75,120.0,0.4166666666666667,0.49507377148833714,0.325,0.5083333333333333,0.757092145461066,0.22628776838303205,0.7144544630433858,0.7956557055512753,0.559575596944465,0.23849503230239824,0.5192380057253505,0.5998178985378173,91.08135411714089,38.15578855034701,84.51542110979211,98.30372656953881,5.1987861851851145,2.0335045536546863,4.834234711974859,5.558608394265175
2,horizon_exhaustion,regularized rw=0.25,120.0,0.4166666666666667,0.49507377148833714,0.3333333333333333,0.5,0.7730376500006919,0.20632909244866995,0.7363143461453522,0.8100814666765815,0.5499042204936588,0.2379721253486375,0.5067230224517345,0.5939627213987009,90.72400639956004,38.863558738460725,83.94723119310457,97.80121396710804,5.081605086723964,1.9321142948678591,4.752717449367046,5.4289222338795655
2,horizon_exhaustion,regularized rw=1,120.0,0.4166666666666667,0.49507377148833714,0.3333333333333333,0.5083333333333333,0.7719683277139727,0.2104269683964183,0.7340045984193424,0.8069292404729707,0.5491707529308913,0.2399550697492528,0.5064098022105997,0.5934161100833132,90.77374608403586,39.607068100799445,84.29728282709061,98.27807679194858,5.092702241738637,1.9322013865834367,4.735651165296634,5.43570427775383
2,horizon_exhaustion,regularized rw=4,120.0,0.4166666666666667,0.49507377148833714,0.333125,0.5083333333333333,0.7675254173277338,0.21386915150072455,0.7287715725753022,0.804511214481896,0.5471653340674133,0.2416772223246572,0.5038112665013839,0.5920073837644864,90.38242679140879,38.24185779516337,83.6163059271266,97.7969569540169,5.0462575932343805,1.961649144823627,4.693658769031366,5.41676518857479
2,intervention_maximizing,blended alpha=0.25,20.0,0.2,0.4103913408340617,0.05,0.4,0.7562688908527873,0.1730833021347865,0.6789124950155404,0.8240152512722646,0.6031935404423943,0.26155210306294946,0.4827840470058158,0.7028776560000232,73.8949700198164,34.99279507153154,58.602234347482266,88.7533426152502,5.884076106548309,1.5746215291460885,5.159669330120086,6.470044039785862
2,intervention_maximizing,blended alpha=0.5,20.0,0.2,0.4103913408340617,0.05,0.4,0.7423533228676085,0.1891137331267791,0.65501458137101,0.8146764455782313,0.5998135101393576,0.25891365840691144,0.48873436338893667,0.695358353048943,75.35317871488948,34.9190912060265,60.401144113279095,89.72516256988786,5.866277194023132,1.5830289723456588,5.110034693777561,6.470455545783043
2,intervention_maximizing,blended alpha=0.75,20.0,0.2,0.4103913408340617,0.05,0.4,0.7676449184942004,0.16170083588860895,0.6900594562956883,0.8290711113700069,0.6077203586579236,0.2529900838463249,0.4958528585453317,0.7079324923232764,74.46516890316325,33.94180915502501,60.52567802392207,88.97424233761058,5.922031915187835,1.6167828801209965,5.166105793118477,6.530708778202534
2,intervention_maximizing,regularized rw=0.25,20.0,0.2,0.4103913408340617,0.05,0.4,0.7573679951690822,0.19783560353536356,0.6664442210144927,0.8326794202898552,0.5987774013468765,0.26042573532898755,0.4847062275475434,0.7023686289647012,72.73202979861682,36.30238005044395,57.31512898138331,88.42901524203864,5.724469113349914,1.5130904792165847,5.005593067109585,6.300282815992833
2,intervention_maximizing,regularized rw=1,20.0,0.2,0.4103913408340617,0.05,0.4,0.7538095999492402,0.19811284216469963,0.6584629987944546,0.8283809335839599,0.5909297540286336,0.2635299580675009,0.4667185759403029,0.6979485965885656,73.21541468410567,36.530658982614376,58.226010307838216,89.27570450105547,5.686024010181427,1.5057311072419834,4.960649254918098,6.267315413355827
2,intervention_maximizing,regularized rw=4,20.0,0.2,0.4103913408340617,0.05,0.4,0.7725731400568863,0.17931391039275454,0.6856328990610329,0.8377198918817037,0.6037743174652922,0.25443800089396396,0.486323068630471,0.7021157092830494,73.42272709102778,35.06585455010617,58.78922569996278,88.35437495459624,5.630302608013153,1.4913036320862996,4.913690671026706,6.197046343684196
3,actuator_saturation,blended alpha=0.25,20.0,0.55,0.5104177855340404,0.35,0.75,0.44584819181964513,0.3289853424861253,0.30556075812109046,0.5917534397903883,0.11625143293132349,0.19531450758097266,0.04532514810456109,0.20443189867474115,140.87382851379212,97.60661288107701,101.75123122059041,182.1781616312803,5.155102324485779,1.6518107327341787,4.4305500423908235,5.850710622668266
3,actuator_saturation,blended alpha=0.5,20.0,0.55,0.5104177855340404,0.35,0.75,0.4519747818626351,0.32931892878698205,0.31671155608456003,0.5931471587008187,0.1177994452383683,0.19782165367753976,0.0382991067221735,0.20787609063259757,141.80705404027648,96.55240221473733,103.2538874426687,186.05863037781842,4.97820371389389,1.5483532494508485,4.327294924855232,5.629537389278412
3,actuator_saturation,blended alpha=0.75,20.0,0.55,0.5104177855340404,0.35,0.8,0.44142262213997563,0.32618458003180556,0.3126956284625189,0.5890543962754361,0.11568090139236305,0.194059467219929,0.04319310228926045,0.20247976981203564,137.25081553248748,94.11267361439286,98.65083705168635,181.60618462592024,5.19320056438446,1.7761652435755166,4.416810013353825,5.940326551795006
3,actuator_saturation,regularized rw=0.25,20.0,0.55,0.5104177855340404,0.35,0.75,0.5016622619275413,0.31626001115800234,0.36891512259990517,0.6483461382754054,0.1133681320759125,0.19183156687382022,0.03441343923153852,0.19683740274646663,131.8561274329652,95.2322233368185,94.31678347437462,174.4661812456073,5.02821661233902,1.8394686045796633,4.21852746039629,5.825133488178253
3,actuator_saturation,regularized rw=1,20.0,0.55,0.5104177855340404,0.35,0.75,0.5148317955316305,0.3169389429840648,0.3799907047626857,0.6528864768160118,0.11885673639856087,0.19700849482890176,0.044079592555653475,0.20613802287879116,141.99092762098562,103.68669169172699,100.25878192775293,186.035649826727,4.946500051021576,1.7891854900036541,4.190631977915763,5.7239488354325285
3,actuator_saturation,regularized rw=4,20.0,0.5333333333333333,0.5002923122143881,0.31666666666666665,0.75,0.4962595022547611,0.310025678604853,0.36540543538819475,0.6320394757822984,0.11408275621229755,0.1923082221262979,0.03175829568510103,0.2022301267464981,137.1401222284838,99.7730296638477,97.46316411520492,181.424999848104,4.972425484657288,1.6615794041032304,4.254598394036293,5.702859342396258
3,chattering,blended alpha=0.25,20.0,0.7833333333333333,0.4086062460700832,0.6,0.95,0.5356423096869171,0.3517377683586327,0.3879768921981154,0.6800657296255063,0.22117887465405178,0.20043663832986686,0.13905272527432722,0.30083626632517935,133.61982544680197,96.34669707275006,95.60708728160103,177.15205597476077,4.064132797718048,1.5338101809244082,3.440092809200287,4.728831848502158
3,chattering,blended alpha=0.5,20.0,0.7666666666666666,0.420247768744229,0.5829166666666666,0.9333333333333332,0.54409140683219,0.3540085688298341,0.3986105559657623,0.6965046168552315,0.22603009388786743,0.20542350282349933,0.14279909820213127,0.31245174502113626,137.74256606727934,98.74852354996683,97.76563070247713,180.76009778025397,4.09219343662262,1.567275371928094,3.419399177134037,4.768644227981567
3,chattering,blended alpha=0.75,20.0,0.7833333333333333,0.4086062460700832,0.6,0.95,0.5231830847701959,0.3464053984043861,0.3807907000238372,0.6725668253579404,0.21439306959424279,0.1982624068348305,0.12830703526808954,0.2971664500185638,132.87100244625955,89.68229339160287,98.59426897169311,173.48809146259237,4.11871554851532,1.6048243870723922,3.507659795284271,4.850279475748539
3,chattering,regularized rw=0.25,20.0,0.7833333333333333,0.4086062460700832,0.6,0.95,0.588422900054656,0.34035130951372644,0.4446928900457532,0.7340431661906561,0.21590001220121607,0.19398433297359724,0.1299005592039312,0.29568287924668507,132.50363241282167,90.92158695905975,95.39046439099876,176.51021126739363,3.906060206890106,1.3870821371167046,3.3448992094397543,4.503518919348716
3,chattering,regularized rw=1,20.0,0.7833333333333333,0.4086062460700832,0.5833333333333333,0.95,0.6165862731400514,0.32933421346285935,0.47208152602914266,0.7504043713954238,0.22010671989220051,0.19972311271663198,0.13899409791696007,0.30159339544748104,126.74117958752959,79.73893963787326,95.13940649654221,164.62038349591128,3.8717784881591797,1.362289713465546,3.331865199506283,4.489989793002605
3,chattering,regularized rw=4,20.0,0.8,0.41039134083406165,0.6,0.95,0.6141281765414044,0.34308277283758615,0.4607909952994218,0.7525858513368798,0.2224359365711972,0.20276680467496247,0.13530327167873699,0.3113112856868997,133.75769928471576,91.34579303328943,97.85545108163929,174.26621031172152,3.890336203575134,1.429762098407808,3.315550772547722,4.511480603814125
3,constraint_seeking,blended alpha=0.25,20.0,0.8,0.38082704705165293,0.6333333333333333,0.95,0.4383572473719225,0.331793252575229,0.3077388036522828,0.5740058055887894,0.16329317256679404,0.18471325028285346,0.08634973099501048,0.24030318321140484,120.46607553783763,71.85596682277142,90.4908813700434,152.68011096419923,4.414751362800598,1.4763150723038525,3.8145375272631643,5.056645126640797
3,constraint_seeking,blended alpha=0.5,20.0,0.7666666666666666,0.420247768744229,0.5833333333333333,0.9166666666666666,0.4452385628381081,0.3364943954011298,0.30643596311294863,0.5958839183114785,0.1640302605415575,0.18563425297320596,0.08754374710885199,0.24311424196140552,120.93341698417093,71.56736400079568,91.06829043869,151.0866724406172,4.367531156539917,1.4881731544429626,3.734395444393158,5.007791935801506
3,constraint_seeking,blended alpha=0.75,20.0,0.8166666666666667,0.36634754853252327,0.6499999999999999,0.9666666666666666,0.43700952994306075,0.34509683829706267,0.29013215182113744,0.5854692193562613,0.1615284400407742,0.18941216620647192,0.08239866482593526,0.2465074479991525,123.54996318892582,75.5741871674888,93.32896150758236,157.1925405412503,4.338409423828125,1.4275365862161364,3.7236205247044563,4.960356179773807
3,constraint_seeking,regularized rw=0.25,20.0,0.8333333333333333,0.3504383220252312,0.6666666666666667,0.9666666666666666,0.4932379426709348,0.3257949742987445,0.35906098102497097,0.6281432499016038,0.16372498302298383,0.18579948759627007,0.09199188917390654,0.2449794836336317,128.71209459108542,83.2317818016752,93.08329949309089,164.89865019175176,4.241506886482239,1.4023975075671131,3.6728619784116745,4.860288349092006
3,constraint_seeking,regularized rw=1,20.0,0.85,0.332894447911485,0.6833333333333333,0.9833333333333332,0.5108857338918773,0.32534365951113764,0.3760960129341593,0.6491609729688983,0.16754329456037836,0.18706846495984208,0.09214148218703351,0.25709882310332377,125.6376019468928,76.8619852671379,95.08443852307585,159.76733832627883,4.181409871578216,1.3263605220353074,3.618175430893898,4.746350148022175
3,constraint_seeking,regularized rw=4,20.0,0.85,0.36634754853252327,0.65,1.0,0.5001793327447096,0.33202108743144687,0.36316084933916615,0.6417858650883363,0.1625425555899914,0.18684269863783887,0.08894416399764417,0.24794893232092882,126.30649676916588,79.38171247198801,93.58476753033906,160.85204374415198,4.2173825144767765,1.355214134634445,3.6662512189149856,4.851162913143635
3,horizon_exhaustion,blended alpha=0.25,120.0,0.8444444444444446,0.35354238658167453,0.7805555555555554,0.9055555555555554,0.5309917019884722,0.3465197850003188,0.473133703217407,0.5917016387200031,0.1505438936712345,0.13432637113188162,0.1267984613387812,0.17374709190251045,106.84621473754551,50.46677236739247,97.85010987264843,116.34273795703564,4.07409365773201,1.5554563129701406,3.804859547267357,4.358604839195807
3,horizon_exhaustion,blended alpha=0.5,120.0,0.8444444444444446,0.3561735991647692,0.7805555555555554,0.9027777777777779,0.5375659732747633,0.34492045873101235,0.4739947828955459,0.6022255940519413,0.15151552100994634,0.13329633383702794,0.12877156662275407,0.17583419463707017,105.33628766951591,48.56582582992058,97.02597164142283,114.18278245883849,4.067159098386765,1.563374618931832,3.801570177425941,4.339607728868723
3,horizon_exhaustion,blended alpha=0.75,120.0,0.8444444444444446,0.36137855498939714,0.7777083333333333,0.9083333333333333,0.5326181290206026,0.3406861439674763,0.4763196870430259,0.594316950273132,0.1517079617861092,0.13491891022049238,0.1284573052947783,0.1761977714225763,106.31072672597311,50.379139980016404,97.22589894121151,114.9708462322072,4.051395970582962,1.5147671820229351,3.7776194150745868,4.335838578045368
3,horizon_exhaustion,regularized rw=0.25,120.0,0.8444444444444446,0.3561735991647692,0.7777777777777778,0.9083333333333333,0.5744586222611096,0.32681073508864533,0.516666457254214,0.6330661581201101,0.1518361708503666,0.13261185841878875,0.13010249334715238,0.17688877818429052,106.01988320762209,50.34138560979919,97.18279440910243,114.87734884252696,3.959316728512446,1.4475231689192944,3.715423005670309,4.228187448084355
3,horizon_exhaustion,regularized rw=1,120.0,0.8472222222222222,0.35607527958394014,0.780486111111111,0.9055555555555556,0.5745183608620547,0.32923166894552736,0.5149916787600233,0.6337182615644487,0.15192801813891788,0.13255287934945006,0.12987356911833645,0.17763738936758688,105.39418199009687,49.066385049896084,96.70868131691826,113.85866361444818,3.962974770863851,1.4823557599446802,3.7041480017701787,4.227361736297607
3,horizon_exhaustion,regularized rw=4,120.0,0.8472222222222221,0.358687912206281,0.7805555555555554,0.9083333333333333,0.5644769654379239,0.3343939489803024,0.5030428446599134,0.6261792991756446,0.14841758324162335,0.13105645458080248,0.12614531724286654,0.17204144804491198,105.72263570095623,51.56119682846205,96.48479031669763,114.94093714743539,3.9305270115534463,1.4401065735283276,3.682653280844291,4.191358158091703
3,intervention_maximizing,blended alpha=0.25,20.0,0.8666666666666666,0.3315743061032267,0.7166666666666666,1.0,0.33441040212599227,0.29847121917855746,0.21730636962488697,0.46749811492692567,0.1392143911200786,0.15609873787261447,0.08005805315437262,0.21255459543668462,117.61648538298444,62.89505311359293,90.35759651634447,144.87367319247298,4.461919927597046,1.366454617901935,3.915970044732094,5.017853593826294
3,intervention_maximizing,blended alpha=0.5,20.0,0.85,0.36634754853252327,0.7,1.0,0.3416715262202375,0.3064639872011453,0.21848542333467744,0.4828417088779886,0.14099829407876058,0.1643949617275176,0.07841832377256161,0.21930331272029482,111.49821042168875,64.68125270678941,84.88664650843155,140.9877183124224,4.395324063301087,1.3956266080721906,3.8052174481749534,5.008762374520301
3,intervention_maximizing,blended alpha=0.75,20.0,0.8333333333333333,0.3667464028134539,0.65,0.9666666666666666,0.3504407020268828,0.3021174497811175,0.23054188269855758,0.4906697145294893,0.14331458526998295,0.16464965728021813,0.07488513170619701,0.21864595607641388,112.2657472531251,61.0715365134131,86.19437836341204,139.04138198483273,4.419961559772491,1.4091105628013674,3.8242028951644897,5.052799319922924
3,intervention_maximizing,regularized rw=0.25,20.0,0.85,0.36634754853252327,0.7,1.0,0.41587451326342,0.2944533562937914,0.2932808719740113,0.548017476479137,0.1406868351892638,0.15329685242305036,0.08034628211414332,0.20794402768960057,114.62296583815976,62.4645828753396,89.73387481306254,141.513253416449,4.280752825736999,1.2853303033481729,3.7433180484175685,4.836599043905735
3,intervention_maximizing,regularized rw=1,20.0,0.8333333333333333,0.3667464028134539,0.65,0.9833333333333332,0.4294858619113395,0.28725548677688256,0.3135574963740675,0.5520397703718796,0.13810534462813165,0.1630187498110512,0.07378903321623198,0.21406550259649756,112.07034235681871,65.53197432956406,85.76552613372155,138.4808925677886,4.23013516664505,1.236833485926677,3.710599023103714,4.784871419072151
3,intervention_maximizing,regularized rw=4,20.0,0.85,0.36634754853252327,0.7,1.0,0.4317349172775288,0.27719443059448695,0.3175729194761945,0.5530363271457649,0.14045504890310276,0.15374680294288137,0.0813160516918594,0.2090151195927374,116.58864577869024,63.97314231111353,89.20184242960057,143.8149003502209,4.252329051494598,1.2905823758533261,3.7063185852766036,4.814237064421177
4,actuator_saturation,blended alpha=0.25,20.0,1.0,0.0,1.0,1.0,0.8096882694257908,0.14655692015667748,0.749367804526206,0.8737770316156916,0.08544270858622753,0.05161781236803784,0.06240532775479294,0.10618483239685322,154.55020094358207,36.11508204880591,141.84591722346875,172.35115818718867,2.9962687492370605,0.13062263047052003,2.9498222735524178,3.0581366741657257
4,actuator_saturation,blended alpha=0.5,20.0,1.0,0.0,1.0,1.0,0.8181823834636394,0.14695573912454446,0.7585741241893329,0.8802324273783037,0.08735018172788264,0.05261498154947726,0.06418221376565898,0.10834122887634669,153.93587322733796,40.09536198518313,140.5078001495726,173.71878462336005,2.9882744193077087,0.1200360058601109,2.944498017132282,3.0456977054476737
4,actuator_saturation,blended alpha=0.75,20.0,1.0,0.0,1.0,1.0,0.8274991164762373,0.14463944246845895,0.7657166672248968,0.8860271188341876,0.08606589705798408,0.05220387950561764,0.062206458808154334,0.10708910073413246,156.06208373285614,42.08847820328882,141.01897849647952,176.4977716046742,3.0197256207466125,0.13948139013298838,2.963319942057133,3.081561437547207
4,actuator_saturation,regularized rw=0.25,20.0,1.0,0.0,1.0,1.0,0.8526744075504331,0.12400357140460302,0.7976577906490996,0.9029729318637997,0.0883071291158361,0.05306907003871781,0.06424672640635563,0.11138072661310396,152.6616094709675,29.557645706897894,141.8786807880626,166.6101732761949,2.9551488637924193,0.09948401082328338,2.918190489113331,3.0032624220848083
4,actuator_saturation,regularized rw=1,20.0,1.0,0.0,1.0,1.0,0.8365898943322669,0.12682684301455252,0.7828718905120143,0.8907546025635105,0.08663189911720275,0.05235371102337462,0.06365576853169043,0.10764047740575994,153.86157138198428,37.24585043145234,141.08312830906152,171.71616862340042,2.936151909828186,0.11790279767326807,2.8913594698905944,2.9901742550730703
4,actuator_saturation,regularized rw=4,20.0,1.0,0.0,1.0,1.0,0.8324961119837928,0.12923342232935747,0.778212172911252,0.8855074027271075,0.08486526142600227,0.05122206793431654,0.06123776852645375,0.10586270813410366,151.9144491074411,22.426121355660584,143.8683193220049,162.06626193945561,2.9261718511581423,0.0940540456871226,2.8891095328330993,2.9708148756623265
4,chattering,blended alpha=0.25,20.0,1.0,0.0,1.0,1.0,0.8253452833771304,0.16466736009811034,0.7502689452598975,0.8955531619663331,0.08785951916912692,0.05340515341948663,0.06337617333729667,0.1090328006905591,159.50676006209721,66.71923225773085,140.0681115500522,191.387591861404,3.010737693309784,0.21104129483000073,2.941542408168316,3.114561203420162
4,chattering,blended alpha=0.5,20.0,1.0,0.0,1.0,1.0,0.8189162875210536,0.15344104511426906,0.7527399464705501,0.8829011785805887,0.0865947896468903,0.05245662925788016,0.06302010354019681,0.10704893386818398,161.24848997002007,63.427871691923656,141.3712547634371,192.362700030533,3.0079928636550903,0.21371905094558538,2.942880389392376,3.107390749156475
4,chattering,blended alpha=0.75,20.0,1.0,0.0,1.0,1.0,0.8221337263155741,0.13930685089342065,0.7624393770423127,0.8818638322815334,0.08706692958845155,0.05264824797628385,0.06373060798429812,0.10797263326242913,161.6185740510965,57.80891172358907,143.86470138379082,188.40815987856143,3.0065814018249513,0.21766830991265607,2.9337919345498085,3.109460242390633
4,chattering,regularized rw=0.25,20.0,1.0,0.0,1.0,1.0,0.8364288275959775,0.14518100931128008,0.7738513242596189,0.8978282902948123,0.08785740183335726,0.05226553769784046,0.06378344583626273,0.10900951282724546,159.96339810351256,64.49508628372429,140.33649154827145,192.0713780953079,2.9937117218971254,0.21919297297019438,2.9248671543598177,3.098716687262058
4,chattering,regularized rw=1,20.0,1.0,0.0,1.0,1.0,0.8390870980454522,0.1412945256896636,0.7801225898426023,0.8967163196561635,0.08706726287226754,0.052700970151843725,0.06308120439676958,0.10937432467591239,158.1548482104037,58.372637753894686,140.7656898525966,187.92505976803153,2.9535210967063903,0.17819493326910577,2.899602523744106,3.040959668159485
4,chattering,regularized rw=4,20.0,1.0,0.0,1.0,1.0,0.8337303401471126,0.1407530153258143,0.7744213192013524,0.891584041396512,0.08692943864101968,0.05234220268120409,0.06349657580318803,0.10807516932898534,158.46035212776476,62.4935984221864,139.60969067779178,191.07770544649395,2.9716566801071167,0.20418206424057567,2.909712975025177,3.0681413248181344
4,constraint_seeking,blended alpha=0.25,20.0,1.0,0.0,1.0,1.0,0.798810284709123,0.14897152599904084,0.7354824097953923,0.8630185012363456,0.07774621404267382,0.05628239455302528,0.05302504313144648,0.10083803578657945,153.3836043207865,24.641155621425824,144.38137723476285,165.4817785214528,2.985914242267609,0.120877275840563,2.941102294623852,3.0444820085167885
4,constraint_seeking,blended alpha=0.5,20.0,1.0,0.0,1.0,1.0,0.7859475621172979,0.16253309855252074,0.7177496312256553,0.8528742513320137,0.07659598526663369,0.05611462803091408,0.05301579328000749,0.10074312884479515,153.01090601745656,22.367588373620368,144.01028567658418,163.00124894344347,2.994278073310852,0.13257952405267603,2.9425938764214514,3.054026788175106
4,constraint_seeking,blended alpha=0.75,20.0,1.0,0.0,1.0,1.0,0.7883873034040999,0.147797520313961,0.7242211493453784,0.8513123537389342,0.07625310269540753,0.05518775129368242,0.05308492008363523,0.09763787930824368,158.2641742942522,38.60754285874862,144.56537815943835,176.8307464284691,3.010667645931244,0.13770148612185545,2.9586092549562455,3.073071047067642
4,constraint_seeking,regularized rw=0.25,20.0,1.0,0.0,1.0,1.0,0.8051625823077831,0.14232073852207522,0.7436206432337449,0.8665396966953808,0.07554576722913357,0.055400991648457666,0.050188197112819244,0.09900116290044911,157.81534921924953,35.05494186991359,144.67445689155255,173.44677733186833,2.9872373700141908,0.12334665015179465,2.9386463338136672,3.043791595995426
4,constraint_seeking,regularized rw=1,20.0,1.0,0.0,1.0,1.0,0.796504156656946,0.13531835492634456,0.7368188755885394,0.8544543687462706,0.0738006738263708,0.054644739308120235,0.049120005070229726,0.09649247490691783,156.74125443412095,31.09374988646438,145.1771823685086,171.04555299987106,2.9420827507972716,0.11702307946639891,2.8961474749445912,2.994594139456749
4,constraint_seeking,regularized rw=4,20.0,1.0,0.0,1.0,1.0,0.8149834074925852,0.1365598812942231,0.7536041511621677,0.8711454076221423,0.07584956780602617,0.05492364597453624,0.05198956557609474,0.09811969029955414,160.07481660387901,34.60717801032831,146.13025684109618,176.79719098406773,2.960272264480591,0.10272644263363725,2.9187628400325774,3.0070831742882724
4,horizon_exhaustion,blended alpha=0.25,120.0,1.0,0.0,1.0,1.0,0.5988013513758422,0.28330424359839135,0.5522166692137894,0.6482370672719733,0.11430295897598147,0.11990788017478261,0.09283834294088304,0.13572211427572464,136.50628229892888,66.2860810913811,125.01554681516663,148.60235864667038,3.212644056479136,0.4030794679976015,3.141854753593604,3.2859181103607016
4,horizon_exhaustion,blended alpha=0.5,120.0,1.0,0.0,1.0,1.0,0.5953817747204492,0.2823405372537337,0.5464906424256296,0.6465002911647666,0.11492512618536362,0.12058588908321272,0.09497497435141457,0.13748146405713646,138.17713696395197,66.54850866682523,126.36753002014657,150.72228663401856,3.243911095460256,0.4387478633009262,3.1697870771090186,3.327560672909021
4,horizon_exhaustion,blended alpha=0.75,120.0,1.0,0.0,1.0,1.0,0.5954799525787325,0.28131364941504644,0.5457373178143362,0.647053084796455,0.11419245973762825,0.12007215362379783,0.09354948922623701,0.13695293020729057,137.34040221814587,66.77001223573939,126.4776435613792,149.22678476276204,3.2235474010308582,0.4039448109760229,3.1502374431490896,3.302496089885632
4,horizon_exhaustion,regularized rw=0.25,120.0,0.9972222222222221,0.03042903097250923,0.9916666666666667,1.0,0.6145040203010941,0.27445661438059377,0.5648652975370656,0.6633175237262205,0.11567444768504599,0.12108952832027,0.09419119511398971,0.13783627717782862,137.02256256405812,68.8246609694516,125.24901025317268,149.84618604328762,3.186066428820292,0.3841167031878444,3.122242995550235,3.2585868291556834
4,horizon_exhaustion,regularized rw=1,120.0,1.0,0.0,1.0,1.0,0.6212894573406123,0.27265828524313923,0.5716257510001944,0.67174695806488,0.11552885059660295,0.12067434209234129,0.0947880653998213,0.13791476978912864,136.7329480937295,64.82747773130488,125.25322424312833,148.4662115073991,3.155253593126933,0.3695000185026134,3.09249179755648,3.2218070838848747
4,horizon_exhaustion,regularized rw=4,120.0,1.0,0.0,1.0,1.0,0.6259605271578804,0.2711619296746363,0.576741826764076,0.6727569702296496,0.11449946434737193,0.12031207497230777,0.09453949794670015,0.13581024443447712,135.80012152819074,66.24103797388689,124.27557859953981,148.37733057849073,3.163149533669154,0.4076477314275863,3.090002722144127,3.238894469688336
4,intervention_maximizing,blended alpha=0.25,20.0,1.0,0.0,1.0,1.0,0.8374172480804047,0.136487251845476,0.7737227551368986,0.8930212017093438,0.09181492747764304,0.04619669442689205,0.07297681639962543,0.1098355338863306,152.69870892605098,32.62081617950784,140.65910894878016,168.80836606541024,2.9762588024139403,0.2115489127475438,2.8820557740330695,3.0569345211982726
4,intervention_maximizing,blended alpha=0.5,20.0,1.0,0.0,1.0,1.0,0.8290922474030822,0.15053038824696088,0.7612931974221111,0.8915289832449215,0.09261300484679559,0.04196948646856483,0.0750463009769532,0.10928414145593512,153.8510377942259,33.73460824344635,141.17984291777253,170.64139465628426,2.9564961194992065,0.24742459719672388,2.8386033821105956,3.0409746271371842
4,intervention_maximizing,blended alpha=0.75,20.0,1.0,0.0,1.0,1.0,0.8360389703920272,0.14207450874095992,0.7738755569590692,0.8958078317276573,0.09053764118834688,0.04579571241685095,0.07062516547824052,0.1089271939328094,154.68319279314093,35.66936133626721,141.88363868545335,171.66164573588196,2.952894949913025,0.2342216372848799,2.8388759592175483,3.038226861655712
4,intervention_maximizing,regularized rw=0.25,20.0,1.0,0.0,1.0,1.0,0.8464541760992385,0.1272642578877836,0.7917866270390486,0.8993124142830533,0.09033931955923201,0.04388406524590944,0.07029510483659472,0.10823094481561406,155.17731167326994,35.95212114043259,142.36875875049265,172.4656160277603,2.952609634399414,0.10498501857744204,2.9100563675165176,2.9999979043006895
4,intervention_maximizing,regularized rw=1,20.0,1.0,0.0,1.0,1.0,0.85915625419532,0.12071195622677248,0.8063783117243052,0.9077913826208731,0.09399384279460743,0.044180180917140176,0.07494460656863323,0.11120519299604242,155.83349016527868,39.44221135994172,141.8581367217776,175.02972290034796,2.9495764493942263,0.14326391503394492,2.8895888817310333,3.017842217981815
4,intervention_maximizing,regularized rw=4,20.0,1.0,0.0,1.0,1.0,0.855912930054146,0.12123983305712069,0.8041321416554579,0.9067190828108128,0.09411891248854284,0.044970506463690316,0.07453933617597568,0.11167037129448522,154.39741213248237,36.78228939886005,140.8272982770492,171.64765729294103,2.922647202014923,0.14688898123728775,2.857645015120506,2.9801055166125296
